{
    "rmse": 0.8215451260172214,
    "mae": 0.6788310825080226,
    "r2": 0.041296492891115255
}